<?xml version="1.0" standalone="yes"?>
<Webpoint>
 <charset>iso-8859-1</charset>

 <Header>  
   <![CDATA[<!LoginAreaSitePartDisplayDescription> Login]]>
 </Header>
 
  <HeaderAfterPasswordRecovery>
   <![CDATA[Password Recovery - <!LoginAreaSitePartDisplayDescription> Login]]>
 </HeaderAfterPasswordRecovery>

 <Introduction>
  <![CDATA[Please enter the following details to log in.]]>
 </Introduction>

 <IntroductionAfterPasswordRecovery>
   <![CDATA[An e-mail has been sent to <b><!RecoverEmail></b>. When you receive this e-mail, please enter the details into the User name and Password fields below to log into the website.
            <br><br>If you do not receive a password within 5 minutes, please telephone <!ConstantClientTelephone> for assistance.]]>
 </IntroductionAfterPasswordRecovery>

 <SubTitle>
   <![CDATA[<!LoginAreaSitePartDisplayDescription> Login]]>
 </SubTitle>
 
 <ForgottenPassword-Admin>
   <![CDATA[<b>Forgotten password?</b> Please contact <a href="mailto:<!ClientSupportAddress>?subject=Forgotten password"><!ClientSupportName></a>.]]>
 </ForgottenPassword-Admin>

 <ForgottenPassword>
   <![CDATA[<b>Forgotten password?</b> <a href="<!LoginRecoverPasswordScript>">Click here to recover your password.</a>]]>
 </ForgottenPassword>

</Webpoint>