<?xml version="1.0" standalone="yes"?>
<WebPoint>
	<charset>iso-8859-1</charset>
	
	<Header>
		<![CDATA[<!SitePartDisplayDescription> Main menu]]>
	</Header>
	
  <!-- Menu item names -->
  <NewBooking><![CDATA[Start a new <!ConstantSaleType>]]></NewBooking>
  <ReportChoice><![CDATA[View a report on current <!ConstantSaleTypePlural>]]></ReportChoice>
  <Manifest><![CDATA[View and print <!ConstantSaleType> manifests]]></Manifest>
  <EditContactDetails>Edit your contact details</EditContactDetails>
  <AdminReports>View reports</AdminReports>
  <SiteConfig>Make changes to the configuration of this web site.</SiteConfig>
	
</WebPoint>
