<?xml version="1.0" standalone="yes"?>
<WebPoint>
	<charset>iso-8859-1</charset>

	<Header><![CDATA[
    <!Constant SiteName> Calendar
	]]></Header>
	
	<Introduction-Full>
    <lang="public"><![CDATA[Select a date from one of the calendars. Give us an idea about your group by specifying how many tickets you would like. Choose morning or afternoon then click on 'NEXT'.]]></lang>
	</Introduction-Full>
	
	<Introduction-Calendar>
    <lang="public"><![CDATA[Select a date from one of the calendars. Choose an event from the list below. This will take you to the next page where you can purchase tickets.]]></lang>
	</Introduction-Calendar>
	
	<Introduction-Tickets>
    <lang="public"><![CDATA[These are the available tickets for <!CalendarViewEventDate>. Give us an idea about your group by specifying how many tickets you would like. Choose morning or afternoon then click on 'NEXT'.]]></lang>
	</Introduction-Tickets>

	<Conclusion>

	</Conclusion>


</WebPoint>
