<?xml version="1.0" standalone="yes"?>
<WebPoint>
	<charset>iso-8859-1</charset>

	<Header>  
    <![CDATA[Manifest: <!ConstantGuestDescriptionPluralCapitalised>]]>
	</Header>
	
	<Introduction>
    <![CDATA[When a <!ConstantGuestDescription> is ready to check in, check the &ldquo;Check-in&rdquo; box next to their details.<br>
    After a <!ConstantGuestDescription> has finished, check the &ldquo;Check-out&rdquo; box next to their details.<br>
		Click <span class="ButtonStyle">Save</span> to save the changes.]]>
	</Introduction>
	
	<UnknownEvent>Unknown Event</UnknownEvent>
	<UnknownGuest>[Anonymous]</UnknownGuest>
	<CheckedIn><![CDATA[<span id="manifest-checkin-count">%s</span> checked in]]></CheckedIn>
	<CheckedOut><![CDATA[<span id="manifest-checkout-count">%s</span> checked out]]></CheckedOut>
	
</WebPoint>
