<?xml version="1.0" standalone="yes"?>
<WebPoint>
	<charset>iso-8859-1</charset>

	<Header>  
		Manifest: Overview
	</Header>
	
	<Introduction>
    <lang="public"><![CDATA[The table below gives an overview of <!ConstantGuestDescription> activity for the selected day.<br>
		<b>Click on a row to register <!ConstantGuestDescription> departure and return times.</b>]]></lang>
	</Introduction>

	<!-- Overview table: table header strings -->
	<StartTime>Start time</StartTime>
	<Times>Timeslot</Times>
	<Capacity>Capacity</Capacity>
	<Booked>Booked</Booked>
	<In>Checked in</In>
	<InTime>Check-in time</InTime>
	<Out>Checked out</Out>
	<OutTime>Check-out time</OutTime>
	<Resource>Resource</Resource>
	<LinkedResource>Linked Resource</LinkedResource>
	<EventDescription>Description</EventDescription>
	
	<!-- Sorting instructions -->
	<SortClick>Click to sort by this column<SortClick>
	<SortAsc>Click to make order ascending</SortAsc>
	<SortDesc>Click to make order descending</SortDesc>
	
	<!-- Other -->
	<AllDayString>All Day</AllDayString>

</WebPoint>
