<?xml version="1.0" standalone="yes"?>
<WebPoint>
	<charset>iso-8859-1</charset>

	<Header>  
    Your details...
	</Header>
	
	<HeaderNewGuest>
    <![CDATA[Add a New <!ConstantGuestDescriptionCapitalised>]]>
	</HeaderNewGuest>
	
	<HeaderEditDetails>
    Edit Contact Details
	</HeaderEditDetails>
	
  <HeaderSignup>
		<![CDATA[Sign up as a New <!SitePartDisplayDescription>]]>
	</HeaderSignup>

	<HeaderNewGuestSignup>
		<![CDATA[Sign up as a New <!SitePartDisplayDescription>]]>
	</HeaderNewGuestSignup>
	
	<HeaderAssociate>
		<![CDATA[Edit Your <!ConstantAssociateDescriptionCapitalised>'s Details]]>
	<HeaderAssociate>
	
	<HeaderNewAssociate>
		<![CDATA[Add a <!ConstantAssociateDescriptionCapitalised> - Review Details]]>
	<HeaderNewAssociate>
	
	<HeaderNewGuestNewAssociate>
		<![CDATA[Add a <!ConstantAssociateDescriptionCapitalised> - Enter Details]]>
	<HeaderNewGuestNewAssociate>
	
	<Introduction>
    <![CDATA[<span class="PrincipalLine">Please check your details to ensure they are correct.</span><br><br>When you have finished with any updates, click on the <span class="ButtonStyle">&nbsp;'Next'&nbsp;</span> button to continue.<br>]]>
	</Introduction>
	
	<IntroductionNewGuest>
    <![CDATA[<span class="PrincipalLine">Please complete the following required details.</span><br><br>When you are finished, click on the <span class="ButtonStyle">&nbsp;'Next'&nbsp;</span> button to continue.<br>]]>
	</IntroductionNewGuest>
	
	<IntroductionSignup>
		<![CDATA[<span class="PrincipalLine">Please complete the following questionnaire to sign up as a new member.</span> You will need to specify a user name and a password for future site access.<br>
						 We found your record in our system, so some data might be provided already.<br><br>
						 When you have finished with any updates, click on the <span class="ButtonStyle">'Next'</span>  button to continue.]]>
	</IntroductionSignup>
	
	<IntroductionNewGuestSignup>
		<![CDATA[<span class="PrincipalLine">Please complete the following questionnaire to sign up as a new member.</span> You will need to specify a user name and a password for future site access.<br><br>
		When you have finished with any updates, click on the <span class="ButtonStyle">'Next'</span>  button to continue.]]>
	</IntroductionNewGuestSignup>
	
	<IntroductionAssociate>
		<![CDATA[These are the details recorded about your <!ConstantAssociateDescription>. Please check and update as appropriate.<br><br>
						 When you have finished with any updates, click on the <span class="ButtonStyle">'Next'</span>  button to continue.]]>
	</IntroductionAssociate>
	
	<IntroductionNewAssociate>
		<![CDATA[We have this <!ConstantGuestDescription> already on file. You can now review and alter the details.<br><br>
		When you have finished with any updates, click on the <span class="ButtonStyle">'Next'</span> button to add this <!ConstantGuestDescription> as a <!ConstantAssociateDescriptionCapitalised>.]]>
	</IntroductionNewAssociate>

	<IntroductionNewGuestNewAssociate>
		<![CDATA[Please fill out the following details to add a <!ConstantAssociateDescription> to your profile.<br><br>
		When done, click on the <span class="ButtonStyle">'Next'</span> button to add this <!ConstantGuestDescription> as a <!ConstantAssociateDescription>.]]>
	</IntroductionNewGuestNewAssociate>
	
	<MandatoryMark>
		<![CDATA[&nbsp;<span class="Red">*</span>]]>
	</MandatoryMark>

  <RecordTitle><![CDATA[
    <td class="SubTitle"><!ConstantGuestDescriptionCapitalised> record for <!FullName></td>
	]]></RecordTitle>
	
	<RecordTitleNewUser>
    <![CDATA[<td class="SubTitle"><!SitePartDisplayDescriptionCapitalised> record for <!FullName></td>]]>
  </RecordTitleNewUser>
	
	<RecordTitleEditDetails><![CDATA[
    <td class="SubTitle"><!SitePartDisplayDescription> record for <!FullName></td>
	]]></RecordTitleEditDetails>

  <RecordTitleNewGuest><![CDATA[
    <td class="SubTitle"><!ConstantGuestDescriptionCapitalised> record</td>
  ]]></RecordTitleNewGuest>
	
	<RecordTitleNewGuestNewUser><![CDATA[
    <td class="SubTitle"><!SitePartDisplayDescription> record</td>
	]]></RecordTitleNewGuestNewUser>
	
	<RecordTitleNewGuestEditDetails><![CDATA[
    <td class="SubTitle"><!SitePartDisplayDescription> record</td>
	]]></RecordTitleNewGuestEditDetails>
	
	<RecordTitleUltimaPass>
    <![CDATA[<td class="SubTitle"><!SitePartDisplayDescription> record for <!FullName></td>]]>
	</RecordTitleultimaPass>
	
	<RecordTitleNewGuestUltimaPass>
    <![CDATA[<td class="SubTitle"><!SitePartDisplayDescription> record</td>]]>
	</RecordTitleNewGuestUltimaPass>
	
	<PasswordExplanation>
    <![CDATA[<br>Password for Express Entry when you return to the site. You may get a temporary password sent to your
    email address you have entered at any later time.]]>
	</PasswordExplanation>

  <PasswordExplanation-Strict>
    <![CDATA[<br>A password is necessary for users to access the site. Your password needs to be 6 to 20 characters in length and must contain at least
                 one number or punctuation character.]]>
	</PasswordExplanation-Strict>
	
	<TempPasswordMessage>
    <![CDATA[<br><br><span class="red"><em>You must change your temporary password</em></span>]]>
	</TempPasswordMessage>

</WebPoint>
