<?xml version="1.0" standalone="yes"?>
<WebPoint>
	<charset>iso-8859-1</charset>
	
	<Header>
     <![CDATA[<!ConstantClientCompany> eCommerce]]>
	</Header>
	

  <!-- Offline messages -->

  <OfflineMessageDefault>
    The web site is currently offline.
  <OfflineMessageDefault>

  <OfflineMessageMaintenance>
    The web site is currently offline for routine maintenance.
  </OfflineMessageMaintenance>
  
  <OfflineMessageUnderConstruction>
    The web site is still under construction. Come back soon.
  <OfflineMessageUnderConstruction>

  <OfflineMessageScheduled><![CDATA[
    The web site is currently offline while we implement a new Membership system.<br><br>Be back again soon.<!ExpectedOnlineTime>]]>
  </OfflineMessageScheduled>
  
  <OfflineMessageSeasonClosed>The website is closed for this season. Check back next year!</OfflineMessageSeasonClosed>
  
  <OfflineDateTimeFormat>ddd, d mmmm yyyy, h.nnam/pm</OfflineDateTimeFormat>
	
</WebPoint>
