<?xml version="1.0" standalone="yes"?>
<WebPoint>
 <charset>iso-8859-1</charset>

 <Header>  
   <![CDATA[Password recovery - Multiple Agents Found]]>
 </Header>
 
 <Introduction>
  <![CDATA[We found more than one account for the email address <b><!RecoverEmail></b>.<br>Please choose your account. The password on the
           account you choose will be reset and an email with the new password sent to you.]]>
 </Introduction>

 <Conclusion>
  <![CDATA[
   
  ]]>
 </Conclusion>
 
</Webpoint>