<?xml version="1.0" standalone="yes"?>
<Webpoint>
	<charset>iso-8859-1</charset>

	<Header><![CDATA[<!ConstantSiteName> Memberships]]></Header>
	<Header-Tabs><![CDATA[<!TabProductsTabs>]]></Header-Tabs>

	<Introduction></Introduction>

	<UpdateAttributes><![CDATA[
	  <tr><td align="right"><input class="LinkLikeButton" type="submit" name="TabProductsUpdate0" value="Update Attributes -&gt;"></td></tr>
	]]></UpdateAttributes>

	<UpdateProducts><![CDATA[
	  <tr><td align="right"><input class="LinkLikeButton" type="submit" name="TabProductsUpdate1" value="Update Products -&gt;"></td></tr>
	]]></UpdateProducts>

	<ForgottenPassword>
    <![CDATA[<a href="<!RecoverPasswordScript>">Forgotten Password?]]></lang>
  </ForgottenPassword>

	<ForgottenPasswordUsernameAddDetails>
    <![CDATA[<a href="<!RecoverPasswordScript>">Forgotten USERNAME or password?</a>]]></lang>
  </ForgottenPasswordUsernameAddDetails>

	<Closed>
		<![CDATA[<div class="GBoxDecoration2" style="line-height: 120px; text-align: center;">The online store is closed.</div>]]>
	</Closed>

</Webpoint>