<?xml version="1.0" standalone="yes"?>
<WebPoint>
	<charset>iso-8859-1</charset>
	
	<Header>
		<![CDATA[
			<!ConstantSaleTypeCapitalised> confirmation / Tax Invoice
		]]>
	</Header>
	
	<Introduction>
		<lang type="Public"><![CDATA[
			<span class="PrincipalLine">Thank you, <!FirstName>. Your <!Constant SiteName> <!ConstantSaleType> is now complete.</span> <br><br>Please print this confirmation and present it to the ticket counter on arrival.
		]]></lang>
		<lang type="Agent"><![CDATA[
      <span class="PrincipalLine">Thank you, <!Agent>. Your <!Constant SiteName> <!ConstantSaleType> is now complete.</span> <br><br>You can obtain a printable version for your own records and for your customer by clicking on <span style="ButtonStyle">"Print Receipt"</span>.<br>
		]]></lang>

	</Introduction>
	
	<Conclusion>
		<![CDATA[
			<br><br><!Constant SiteName> Rules and Regulations apply.<br>
		]]>
	</Conclusion>


</WebPoint>
