<?xml version="1.0" standalone="yes"?>
<WebPoint>
	<charset>iso-8859-1</charset>

	<Title><![CDATA[<div id="graph-section-title" class="SubTitle">Loyalty Points</div>]]></Title>
	<Measurements><![CDATA[<colgroup><col><!VMChartColumns></colgroup>]]></Measurements>
	
	<Division><![CDATA[<div class="vm-chart-division" style="top: <!VMDivisionHeight>%"></div>]]></Division>

	<LegendItem>
		<![CDATA[<div class="VMLegendItem GFloatContainer">
               <div class="VMLegendBox <!VMLegendClass>"></div><!VMLegendItem>
             </div>]]>
  </LegendItem>

	<ValueBar>
	  <![CDATA[<div class="VMChartBar <!VMChartBarClass>" style="top: <!VMChartBarTop>%; height: <!VMChartBarHeight>%;" title="<!VMChartBarTitle>"></div>]]>
	</ValueBar>

	<XAxisValue><![CDATA[<td class="vm-x-axis-value"><!VMXAxisValue></td>]]></XAxisValue>

	<YAxisDivision>
	  <![CDATA[<div class="vm-y-axis-chart-division" style="top: <!VMDivisionHeight>%">
	             <div class="vm-y-axis-div-value"><!VMDivisionValue>m</div>
             </div>]]>
	</YAxisDivision>

</Webpoint>
