<?xml version="1.0" standalone="yes"?>
<WebPoint>
	<charset>iso-8859-1</charset>

	<Header>  
    Recover your password
	</Header>
	
	<Introduction><![CDATA[
    <span class="PrincipalLine"><!ConstantSiteName> can send you a new password if you enter your name and your email address in the fields below.</span><br><br>
    You will receive an email with a temporary password that you can use to access your details once. After this, you will be required
    to change this password.
  ]]></Introduction>

	<Conclusion>

	</Conclusion>


</WebPoint>
