<?xml version="1.0" standalone="yes"?>
<WebPoint>
	<charset>iso-8859-1</charset>

	<Header>  
    <![CDATA[Agreement and Waiver]]>
	</Header>

	<Introduction>
    <![CDATA[<span class="PrincipalLine">Please read the information below and check the box in order to continue this purchase.</span>]]>
	</Introduction>

	<Introduction-Multiple>
    <![CDATA[<div class="PrincipalLine">Please read the information below by clicking on the links and accept by checking the boxes.</div>
		         Each <!ConstantGuestDescription> must agree to the terms. When done, click 'Next' to continue this purchase.]]>
	</Introduction-Multiple>

	<WaiverPopupTitle>Agreement and Waiver</WaiverPopupTitle>

	<AlreadyAgreed>Accepted the agreement</AlreadyAgreed>
	<NotYetAgreed><![CDATA[<em class="Note">Please tick the box at the end of the agreement.</em>]]></NotYetAgreed>

</WebPoint>
