<?xml version="1.0" standalone="yes"?>
<WebPoint>
	<charset>iso-8859-1</charset>
	
	<Header>
		<![CDATA[
			Summary of your <!ConstantSaleType>
		]]>
	</Header>
	
	<Introduction>
		<![CDATA[
			<span class="PrincipalLine">A summary of your <!ConstantSaleType> appears below.</span><br><br>To finalise the purchase, click on <span class="ButtonStyle">'Next'</span>.
		]]>
		<lang type="public">
    <![CDATA[
      <span class="PrincipalLine">A summary of your <!ConstantSaleType> appears below.</span><br><br>
      Please complete the section below, indicate that you have read the Terms and Conditions and click on <span class="ButtonStyle">'Next'</span> to continue.
    ]]>
    </lang>
	</Introduction>

	<Introduction-NoTC>
		<![CDATA[
			<span class="PrincipalLine">A summary of your <!ConstantSaleType> appears below.</span><br>To finalise the purchase, click on <span class="ButtonStyle">'Next'</span>.
		]]>
	</Introduction-NoTC>
	
	<OtherPurchaser>None of those listed</OtherPurchaser>
	
	<NotAssignableText>
		<![CDATA[&nbsp;]]>
	</NotAssignableText>
	
</WebPoint>
