<?xml version="1.0" standalone="yes"?>
<WebPoint>
	<charset>iso-8859-1</charset>
	
	<Header>
	    <![CDATA[Assign a <!ConstantGuestDescription> for each <!ConstantSaleItem>]]>
			<lang type="Agent"><![CDATA[Assign a person for each <!ConstantSaleItem>]]></lang>
	</Header>
	
	<Introduction>
	    <![CDATA[<span class="PrincipalLine">You must <span class="ButtonStyle">assign</span> a person to each item in the list below.</span><br><br>
      Once you have finished, click on <span class="ButtonStyle">&ldquo;Next&rdquo;</span> to continue.]]>
			<lang type="Agent"><![CDATA[<span class="PrincipalLine">You must <span class="ButtonStyle">assign</span> a person to each item in the list below.</span><br><br>
      														Once you have assigned people, click on <span class="ButtonStyle">&ldquo;Next&rdquo;</span> to continue.]]></lang>
      <lang type="Member"><![CDATA[<span class="PrincipalLine">You must assign a <!ConstantGuestDescription> to each product in the list below.</span><br>
			                             Press <span class="ButtonStyle">Next</span> once finished to continue.]]></lang>
	</Introduction>
	
	<Introduction-QuickAssign>
    <lang type="Member"><![CDATA[<span class="PrincipalLine">Every item in the list below must be assigned to a <!ConstantGuestDescription>.</span> Select from the list
																 which holds your <!ConstantAssociateDescriptionPlural>, check the boxes of the items to assign, and click <span class="ButtonStyle">Update Selected</span>.<br>
																 To add more <!ConstantAssociateDescriptionPlural>, click <span class="ButtonStyle">Add a <!ConstantAssociateDescriptionCapitalised></span> or go to your profile.<br><br>
			                           Press <span class="ButtonStyle">Next</span> to continue once finished.]]></lang>
	</Introduction-QuickAssign>
	
	<NotAssignableText>
		<![CDATA[&nbsp;]]>
	</NotAssignableText>

</WebPoint>
