<?xml version="1.0" standalone="yes"?>
<WebPoint>
	<charset>iso-8859-1</charset>
	
	<PassLabelNone><![CDATA[<em>You have no memberships linked to your account.</em>]]></PassLabelNone>
	<PassLabelOne>Your Membership</PassLabelOne>
	<PassLabelMultiple>Select your membership</PassLabelMultiple>

	<ButtonCaption>Product History</ButtonCaption>
	<ButtonTooltip>View a list of products linked to your membership/ButtonTooltip>
	
	<PassStatusIndicator-OK>Your membership is valid.</PassStatusIndicator-OK>
	<PassStatusIndicator-Expired><![CDATA[Your pass expired on <!ProblemDate>.]]></PassStatusIndicator-Expired>
	<PassStatusIndicator-NotYetValid><![CDATA[Your membership will become valid on <!ProblemDate>.]]></PassStatusIndicator-NotYetValid>
	<PassStatusIndicator-Invalid>Your memberhip is not valid.</PassStatusIndicator-Invalid>
	
  <PassStatus-OK>OK</PassStatus-OK>
	<PassStatus-Expired>Expired</PassStatus-Expired>
	<PassStatus-NotYetValid>Not Yet Valid</PassStatus-NotYetValid>
	<PassStatus-Invalid>Invalid</PassStatus-Invalid>
	<PassStatus-Error>Error</PassStatus-Error>
	<PassStatus-ErrorIgnored>OK</PassStatus-ErrorIgnored>

</Webpoint>
