<?xml version="1.0" standalone="yes"?>
<WebPoint>
	<charset>iso-8859-1</charset>

  <!-- BUTTONS ARE IN ALPHABETICAL ORDER. PLEASE KEEP THEM THIS WAY WHEN ADDING NEW ONES. -->

	<ButtonActivate>
		<![CDATA[
			<div style="width: 120px" class="DefaultFrame"><div class="Button"><input type="submit" class="Button" border="0" name="Activate" id="activate" value="Activate"></div></div>
		]]>
	</ButtonActivate>
	
	<ButtonAddAssociate>
		<![CDATA[
			<div id="add-associate" style="width: 130px" class="DefaultFrame"><div class="ButtonRight"><input id="add-associate-button" type="submit" class="ButtonRight" border="0" name="AddAssociate" value="Add a <!ConstantAssociateDescriptionCapitalised>"></div></div>
		]]>
	</ButtonAddAssociate>

	<ButtonAddToCart>
		<![CDATA[
			<div style="width: 140px" class="DefaultFrame"><div class="ButtonBottom"><input type="submit" class="ButtonRight" border="0" name="AddToCart" id="addtocartbutton" value="Add to Cart"></div></div>
		]]>
	</ButtonAddToCart>
	
	<ButtonAddToCartMulti>
  	<![CDATA[
  		<div style="width: 140px" class="DefaultFrame"><div class="ButtonBottom"><input type="submit" class="ButtonRight" border="0" name="AddToCart_{!ProductIndex}" value="Add to Cart"></div></div>
  	]]>
	</ButtonAddToCartMulti>

	<ButtonAddToCartProductID>
  	<![CDATA[
  		<div style="width: 140px" class="DefaultFrame"><div class="ButtonBottom"><input type="submit" class="ButtonRight" border="0" name="AddToCart_{!ProductID}" value="Add to Cart"></div></div>
  	]]>
	</ButtonAddToCartProductID>

	<ButtonAsNewGuest>
		<![CDATA[
			<div id="NewGuest" style="width: 120px" class="DefaultFrame"><div class="ButtonRight"><input id="new-guest-button" type="submit" class="ButtonRight" border="0" name="NewGuest" value="As new <!ConstantGuestDescriptionCapitalised>"></div></div>
		]]>
	</ButtonAsNewGuest>
	
	<ButtonAgentFindGuest>
		<![CDATA[
			<div style="width: 120px" class="DefaultFrame"><div class="ButtonRight"><input id="FindGuest" type="submit" class="ButtonRight" border="0" name="FindGuest" value="Find Guest"></div></div>
		]]>
	</ButtonAgentFindGuest>
	
	<ButtonAgentReceipt>
		<![CDATA[
      <div style="width: 130px" class="DefaultFrame">
			  <div class="Button NoDisable">
				  <a name="AgentReceipt" href="<? #INCLUDE /../Library/BasicFunctions.inc
                                          begin Echo(GenerateExternalScriptUrl('Pages:' + GetPath('PrintFriendlyTemplate'), '??PrintFriendlyPage=eTourTransactionClient', GetSessionID)); end. ?>"
             class="Button">Agent Receipt</a>
				</div>
			</div>
		]]>
	</ButtonAgentReceipt>

  <ButtonAssign>
  	<![CDATA[
  		<div style="width: 100px" class="DefaultFrame"><div class="ButtonLeft"><input type="submit" class="ButtonLeft" border="0" name="assign_{!AssignRowIndex}" value="Assign"></div></div>
  	]]>
	</ButtonAssign>

	<ButtonBack>
		<![CDATA[
			<div style="width: 90px" class="DefaultFrame"><div class="ButtonLeft"><input type="submit" class="ButtonLeft" border="0" name="Back" value="Back"></div></div>
		]]>
	</ButtonBack>
	
	<ButtonCancel>
		<![CDATA[
			<div style="width: 90px; margin-bottom: 5px;" class="DefaultFrame"><div class="Button NoDisable"><input id="button_cancel" type="submit" class="Button" border="0" name="Cancel" value="Cancel"></div></div>
		]]>
	</ButtonCancel>

	<ButtonChange>
  	<![CDATA[
  		<div style="width: 100px" class="DefaultFrame"><div class="ButtonLeft"><input type="submit" class="ButtonLeft" border="0" name="assign_{!AssignRowIndex}" value="Change"></div></div>
  	]]>
	</ButtonChange>
	
	<ButtonChangePhoto>
    <![CDATA[
  		<div style="width: 160px; margin: 0 auto;" class="DefaultFrame"><div class="ButtonPhotos"><input type="submit" id="button_change_photo" class="ButtonRight" border="0" name="changephoto" value="Change My Photo"></div></div>
  	]]>
	</ButtonChangePhoto>

	<ButtonClose>
		<![CDATA[
		  <div style="width: 90px" class="DefaultFrame"><div class="ButtonClose NoDisable"><a id="window-close" name="Close" href="javascript:window.close();" class="ButtonRight">Close</a></div></div>
		]]>
	</ButtonClose>
	
	<ButtonContinueShopping>
		<![CDATA[
			<div style="width: 200px" class="DefaultFrame"><div class="ButtonLeft"><input type="submit" class="ButtonLeft" border="0" name="Continue" value="Continue Shopping"></div></div>
		]]>
	</ButtonContinueShopping>
	
	<ButtonCopyFields>
		<![CDATA[
			<div id="copy-fields" style="width: 60px" class="DefaultFrame"><div class="Button"><input id="copy-fields-button" type="submit" class="Button" border="0" name="CopyFields" value="Copy"></div></div>
		]]>
	</ButtonCopyFields>

	<ButtonDeleteUp>
		<![CDATA[
			<div style="width: 80px" class="DefaultFrame"><div class="ButtonTop"><input id="delete-up" type="submit" class="ButtonRight" border="0" name="Delete" value="Delete"></div></div>
		]]>
	</ButtonDeleteUp>

	<ButtonDetailsView>
		<![CDATA[
			<div style="width: 130px" class="DefaultFrame"><div class="Button"><input type="submit" class="button" border="0" name="DetailsView" value="Detailed View"></div></div>
		]]>
	</ButtonDetailsView>
	
	<ButtonDone>
		<![CDATA[
			<div style="width: 90px;" class="DefaultFrame"><div class="ButtonRight"><input id="button-done" type="submit" class="ButtonRight" border="0" name="Next" value="Done"></div></div>
		]]>
	</ButtonDone>

  <ButtonDoneReading>
		<![CDATA[
			<div style="width: 160px;" class="DefaultFrame"><div class="ButtonRight"><input id="button-done" type="submit" class="ButtonRight" border="0" name="Next" value="Done Reading"></div></div>
		]]>
	</ButtonDoneReading>
    
 <!-- PDF Button has been disabled as the functionality is now covered by computer OS and license of original software expired To turn back on set width to 150 	
	<ButtonDownloadAsPDF>
		<![CDATA[
		  <div style="width: 150px;" class="DefaultFrame"><div class="Button NoDisable"><a href="<!DownloadScript>" class="Button">Download as PDF</a></div></div>
		]]>
	</ButtonDownloadAsPDF>
-->	
<ButtonDownloadAsPDF>
		<![CDATA[
		  <div style="width: -1px;" class="DefaultFrame"><div class="Button NoDisable"></div></div>
		]]>

	<ButtonEditPurchaser>
    <![CDATA[
			<div style="width: 160px" class="DefaultFrame"><div class="ButtonRight"><input id="EditPurchaser" type="submit" class="ButtonRight" border="0" name="EditPurchaser" value="Edit Purchaser Details"></div></div>
		]]>
	</ButtonEditPurchaser>
	
	<ButtonExportAsCSV>
		<![CDATA[
		  <div style="width: 150px;" class="DefaultFrame"><div class="Button NoDisable"><a href="<!ExportScript>" class="Button">Export as CSV</a></div></div>
		]]>
	</ButtonExportAsCSV>
	
	<ButtonFindGuest>
		<![CDATA[
			<div style="width: 120px" class="DefaultFrame"><div class="ButtonRight"><input id="FindGuest" type="submit" class="ButtonRight" border="0" name="FindGuest" value="Find Me"></div></div>
		]]>
	</ButtonFindGuest>

	<ButtonFindAssociate>
		<![CDATA[<div style="width: 190px" class="DefaultFrame"><div class="ButtonRight"><input id="FindGuest" type="submit" class="ButtonRight" border="0" name="FindGuest" value="<!Caption>"></div></div>]]>
	</ButtonFindAssociate>

	<ButtonFindAssociateAdd>
		<![CDATA[<div style="width: 220px" class="DefaultFrame"><div class="ButtonRight"><input id="FindGuest" type="submit" class="ButtonRight" border="0" name="AddGuest" value="Add as New <!ConstantAssociateDescriptionCapitalised>"></div></div>]]>
	</ButtonFindAssociateAdd>

	<ButtonForm>
		<![CDATA[
		  <div style="width: 80px;" class="DefaultFrame"><div class="ButtonForm NoDisable"><a href="<? #INCLUDE /../Library/BasicFunctions.inc
                                                       begin Echo(GenerateExternalScriptUrl('Pages:' + GetPath('FormTemplate'), '??FormTitle=Manifest??Form=Pages|' + GetPath('ManifestPrintPage'), GetSessionID)); end. ?>" target="_blank" class="Button">Form</a></div></div>
		]]>
	</ButtonForm>

  <ButtonForgotPassword>
		<![CDATA[
			<div style="width: 240px;" class="ButtonForgotPassword"><input type="submit" class="ButtonForgotPassword" border="0" name="ForgotPassword" value="Forgot Password?"></div>
		]]>
	</ButtonForgotPassword>
	
	<ButtonForwardPayment><![CDATA[
    <div style="width: 200px;" class="DefaultFrame"><div class="ButtonRight"><input id="forward-payment" type="submit" class="ButtonRight" border="0" name="Next" value="Click here to pay"></div></div>
	]]></ButtonForwardPayment>
	
	<ButtonGeneralLink>
		<![CDATA[
      <div id="<!GeneralButtonID>" class="DefaultFrame"><div class="<!GeneralButtonClass>">
			  <a class="<!GeneralLinkClass>" href="<!GeneralLinkURL>"<!GeneralTitle><!GeneralTarget>><!GeneralButtonCaption></a>
			</div></div>
		]]>
	</ButtonGeneralLink>
	
	<ButtonGotoShoppingCart><![CDATA[
    <span id="ShoppingCartLink">There <!ShoppingCartItemCount> in your shopping cart. <a href="<!ViewShoppingCartScript>">Click here to view the cart.</a></span>
	]]></ButtonGotoShoppingCart>
	
	<ButtonGuestReceipt>
		<![CDATA[
      <div style="width: 130px" class="DefaultFrame">
			  <div class="Button NoDisable">
				  <a name="GuestReceipt" href="<? #INCLUDE /../Library/BasicFunctions.inc
                                          begin Echo(GenerateExternalScriptUrl('Pages:' + GetPath('PrintFriendlyTemplate'), '??PrintFriendlyPage=eTourTransactionGuestReceipt', GetSessionID)); end. ?>"
             class="Button">Guest Receipt</a>
				</div>
			</div>
		]]>
	</ButtonGuestReceipt>

	<ButtonLinkLogin>
		<![CDATA[
			<div style="width: 130px" class="DefaultFrame"><div class="ButtonRight"><a href="<!LoginURL>" title="Click here to show the login/signup page" class="ButtonRight">Log in/Sign up</a></div></div>
		]]>
	</ButtonLinkLogin>

  <ButtonList>
		<![CDATA[
      <div class="ButtonList"><input style="text-align: left;" type="submit" class="ButtonRight" border="0" name="{!ButtonName}" value="{!ButtonValue}"></div>
		]]>
	</ButtonList>

	<ButtonListAttribute>
		<![CDATA[
      <div class="ButtonList"><input style="text-align: left;" type="submit" class="buttonright" border="0" name="{!AttributeButtonName}" value="{!AttributeButtonValue}"></div>
		]]>
	</ButtonListAttribute>

	<ButtonLogin>
		<![CDATA[
			<div style="width: 90px" class="DefaultFrame"><div class="ButtonRight"><input id="Login" type="submit" class="ButtonRight" border="0" name="Login" value="Log in"></div></div>
		]]>
	</ButtonLogin>
	
	<ButtonLoginAgain>
		<![CDATA[
			<div style="width: 130px" class="DefaultFrame"><div class="ButtonRight"><input id="Login" type="submit" class="ButtonRight" border="0" name="Login" value="Log in again"></div></div>
		]]>
	</ButtonLoginAgain>

  <ButtonLogout>
		<![CDATA[
			<div style="width: 110px" class="DefaultFrame"><div class="ButtonRight"><input type="submit" class="ButtonRight" border="0" name="LogOut" value="Log out"></div></div>
		]]>
	</ButtonLogout>

	<ButtonLogoutLeft>
		<![CDATA[
			<div style="width: 110px" class="DefaultFrame"><div class="ButtonLeft"><input type="submit" class="ButtonLeft" border="0" name="LogOut" value="Log out"></div></div>
		]]>
	</ButtonLogoutLeft>
	
	<ButtonNewAdmin>
		<![CDATA[
			<div style="width: 200px" class="DefaultFrame"><div class="ButtonRight"><input type="submit" class="ButtonRight" border="0" name="NewUser" value="Add New <!SitePartDisplayDescription>"></div></div>
		]]>
	</ButtonNewAdmin>
	
	<ButtonNewAgent>
		<![CDATA[
			<div style="width: 150px" class="DefaultFrame"><div class="ButtonRight"><input type="submit" class="ButtonRight" border="0" name="NewUser" value="Add New <!SitePartDisplayDescription>"></div></div>
		]]>
	</ButtonNewAgent>
	
	<ButtonNewMember>
		<![CDATA[
			<div style="width: 200px" class="DefaultFrame"><div class="ButtonRight"><input type="submit" class="ButtonRight" border="0" name="NewUser" value="Add New <!SitePartDisplayDescription>"></div></div>
		]]>
	</ButtonNewMember>

	<ButtonNewBooking>
		<![CDATA[
			<div style="width: 150px" class="DefaultFrame"><div class="ButtonLeft"><input type="submit" class="ButtonLeft" border="0" name="NewBooking" value="New <!ConstantSaleType>"></div></div>
		]]>
	</ButtonNewBooking>

	<ButtonNewGuest>
		<![CDATA[
			<div id="NewGuest" style="width: 145px" class="DefaultFrame"><div class="ButtonRight"><input id="new-guest-button" type="submit" class="ButtonRight" border="0" name="NewGuest" value="Add New <!ConstantGuestDescriptionCapitalised>"></div></div>
		]]>
	</ButtonNewGuest>

	<ButtonNext>
		<![CDATA[
			<div style="width: 90px;" class="DefaultFrame"><div class="ButtonRight"><input id="ButtonNext" type="submit" class="ButtonRight" border="0" name="Next" value="Next"></div></div>
		]]>
	</ButtonNext>
	
	<ButtonNextDisabled>
    <![CDATA[
			<div style="width: 90px;" class="DefaultFrame"><div class="ButtonDisabled"><input id="ButtonNext" type="submit" class="ButtonRight" border="0" name="Next" value="Next" disabled></div></div>
			<script type="text/javascript"> findObject("ButtonNext").parentNode["savedClass"] = "ButtonRight"; </script>
		]]>
	</ButtonNextDisabled>
	
	<ButtonNextItem>
    <![CDATA[
		  <div style="width: 50px; <!ButtonNextItemVisibility>" class="DefaultFrame"><div class="ButtonRight NoDisable"><a id="ButtonNextItem" href="<!ButtonNextItemLink>" class="ButtonRight">Next</a></div></div>
		]]>
	</ButtonNextItem>
	
	<ButtonNextItemDisabled>
    <![CDATA[
		  <div style="width: 50px; <!ButtonNextItemDisabledVisibility>" class="DefaultFrame"><div class="ButtonDisabled NoDisable"><span id="ButtonNextItemDisabled" class="ButtonRightDisabled">Next</span></div></div>
		]]>
	</ButtonNextItemDisabled>
	
 	<ButtonPay>
		<![CDATA[
			<div style="width: 90px;" class="DefaultFrame"><div class="ButtonRight NoDisable"><input id="ButtonNext" type="submit" class="ButtonRight" border="0" name="Next" value="Next"></div></div>
		]]>
	</ButtonPay>

	<ButtonPhotos>
		<![CDATA[
			<div style="width: 110px" class="DefaultFrame"><div class="ButtonPhotos"><input type="submit" class="ButtonRight" border="0" name="Photos" value="Photos"></div></div>
		]]>
	</ButtonPhotos>
	
	<ButtonPrevItem>
    <![CDATA[
		  <div style="width: 50px; <!ButtonPrevItemVisibility>" class="DefaultFrame"><div class="ButtonLeft NoDisable"><a id="ButtonPrevItem" href="<!ButtonPrevItemLink>" class="ButtonLeft">Prev</a></div></div>
		]]>
	</ButtonPrevItem>
	
	<ButtonPrevItemDisabled>
    <![CDATA[
		  <div style="width: 50px; <!ButtonPrevItemDisabledVisibility>" class="DefaultFrame"><div class="ButtonDisabled NoDisable"><span id="ButtonPrevItemDisabled" class="ButtonLeftDisabled">Prev</span></div></div>
		]]>
	</ButtonPrevItemDisabled>

  <ButtonPrint>
		<![CDATA[
			<div style="width: 90px" class="DefaultFrame"><div class="ButtonPrint NoDisable"><a name="Print" href="javascript:window.print();" class="ButtonRight">Print</a></div></div>
		]]>
	</ButtonPrint>

	<ButtonPrintFriendly>
		<![CDATA[
			<div style="width: 150px" class="DefaultFrame"><div class="ButtonPrint NoDisable"><a id="print-friendly-button" name="PrintFriendly" href="<? #INCLUDE /../Library/BasicFunctions.inc
                                                                begin Echo(GenerateExternalScriptUrl('Pages:' + GetPath('PrintFriendlyTemplate'), '??PrintFriendlyPage=eTourTransactionClient', GetSessionID)); end. ?>"
                                                       onclick="javascript: ContentPopper(this.href, 'PrintFriendly', 150, 150, 850,600); return false;" class="ButtonRight" target="_blank">Print Receipt</a></div></div>
		]]>
	</ButtonPrintFriendly>
	
	<ButtonPrintReport>
		<![CDATA[
			<div style="width: 150px" class="DefaultFrame"><div class="ButtonPrint NoDisable"><a href="<? #INCLUDE /../Library/BasicFunctions.inc
                                                                begin Echo(GenerateExternalScriptUrl('Pages:' + GetPath('PrintFriendlyTemplate'), '??PrintFriendlyPage=<!NextPageID>', GetSessionID)); end. ?>"
                                                       onclick="javascript: ContentPopper(this.href, 'PrintFriendly', 150, 150, 850,600); return false;" class="ButtonRight" target="_blank">Print Report</a></div></div>
		]]>
	</ButtonPrintReport>
	
	<ButtonPrintThisPage>
		<![CDATA[
			<div style="width: 150px" class="DefaultFrame"><div class="ButtonPrint NoDisable"><a href="<? #INCLUDE /../Library/BasicFunctions.inc
                                                                begin Echo(GenerateExternalScriptUrl('Pages:' + GetPath('PrintFriendlyTemplate'), '??PrintFriendlyPage=<!NextPageID>', GetSessionID)); end. ?>"
                                                       onclick="javascript: ContentPopper(this.href, 'PrintFriendly', 150, 150, 850,600); return false;" class="ButtonRight" target="_blank">Print this Page</a></div></div>
		]]>
	</ButtonPrintThisPage>
	
  <ButtonResumeShopping>
    <![CDATA[
			<div style="width: 180px;" class="DefaultFrame"><div class="ButtonRight"><input type="submit" class="ButtonRight" border="0" name="ResumeShopping" value="Resume Shopping"></div></div>
		]]>
	</ButtonResumeShopping>

  <ButtonReturnHome>
    <![CDATA[
		  <div style="width: 130px;" class="DefaultFrame"><div class="ButtonReturn"><a id="return-home-button" title="<!ReturnURL>" href="<!ReturnURL>" class="ButtonLeft">Return Home</a></div></div>
		]]>
  </ButtonReturnHome>

  <ButtonReturnToMenu>
		<![CDATA[
			<div style="width: 170px" class="DefaultFrame"><div class="ButtonLeft"><input type="submit" class="ButtonLeft" border="0" name="ReturnToMenu" value="Return to Menu"></div></div>
		]]>
	</ButtonReturnToMenu>

	<ButtonSave>
		<![CDATA[
			<div style="width: 80px" class="DefaultFrame"><div class="ButtonSave"><input type="submit" id="save-button" class="ButtonRight" border="0" name="Next" value="Save"></div></div>
		]]>
	</ButtonSave>

	<ButtonScheduleLeft>
		<![CDATA[
	     <div style="width: 90px; float: left;" class="ButtonScheduleLeft NoDisable"><input id="ScheduleBack" type="submit" class="Button" name="ScheduleBack" value="Prev <!ScheduleWhat>"></div>
		]]>
	</ButtonScheduleLeft>

	<ButtonScheduleRight>
		<![CDATA[
	     <div style="width: 90px; float: right;" class="ButtonScheduleRight NoDisable"><input id="ScheduleNext" type="submit" class="Button" name="ScheduleNext" value="Next <!ScheduleWhat>"></div>
		]]>
	</ButtonScheduleRight>
	
  <ButtonSelect>
		<![CDATA[
			<div style="width: 80px" class="DefaultFrame"><div class="Button"><input type="submit" class="Button" border="0" name="Select" id="select" value="Select"></div></div>
		]]>
	</ButtonSelect>
	
	<ButtonSelectProduct>
		<![CDATA[
			<div style="width: 150px" class="DefaultFrame"><div class="ButtonRight"><a href="{!ButtonSelectProductURL}" class="ButtonRight">{!ButtonSelectProductDescription}</a></div></div>
		]]>
	</ButtonSelectProduct>
	
	<ButtonSignup>
		<![CDATA[
			<div id="Signup" style="width: 100px" class="DefaultFrame"><div class="ButtonRight"><input id="signup-button" type="submit" class="ButtonRight" border="0" name="SignupButton" value="Sign up"></div></div>
		]]>
	</ButtonSignup>

  <ButtonSignupFind>
		<![CDATA[
			<div id="Signup" style="width: 100px" class="DefaultFrame"><div class="ButtonRight"><input id="signup-button" type="submit" class="ButtonRight" border="0" name="SignupButton" value="Find Me"></div></div>
		]]>
	</ButtonSignupFind>
	
	<ButtonStartShopping>
    <![CDATA[
			<div style="width: 180px;" class="DefaultFrame"><div class="ButtonRight"><input type="submit" class="ButtonRight" border="0" name="StartShopping" value="Start Shopping"></div></div>
		]]>
	</ButtonStartShopping>

	<ButtonSubmit>
		<![CDATA[
			<div style="width: 100px" class="DefaultFrame"><div class="ButtonRight"><input id="ButtonSubmit" type="submit" class="ButtonRight" border="0" name="Submit" value="Submit"></div></div>
		]]>
	</ButtonSubmit>
	
	<ButtonSubmitDisabled>
		<![CDATA[
			<div style="width: 100px" class="DefaultFrame"><div class="ButtonDisabled"><input id="ButtonSubmit" type="submit" class="ButtonRight" border="0" name="Submit" value="Submit" disabled></div></div>
			<script type="text/javascript"> findObject("ButtonSubmit").parentNode["savedClass"] = "ButtonRight"; </script>
		]]>
	</ButtonSubmitDisabled>

	<ButtonSummaryView>
		<![CDATA[
			<div style="width: 130px" class="DefaultFrame"><div class="Button"><input type="submit" class="button" border="0" name="SummaryView" value="Summary View"></div></div>
		]]>
	</ButtonSummaryView>

	<ButtonUpdate>
		<![CDATA[
			<div style="width: 100px" class="DefaultFrame"><div class="ButtonTop"><input type="submit" class="ButtonRight" border="0" name="Update" id="Update" value="Update"></div></div>
		]]>
	</ButtonUpdate>

	<ButtonUpdateNoDisable>
		<![CDATA[
			<div style="width: 100px" class="DefaultFrame"><div class="ButtonTop NoDisable"><input type="submit" class="ButtonRight" border="0" name="Update" id="Update" value="Update"></div></div>
		]]>
	</ButtonUpdateNoDisable>
	
	<ButtonUpdateDown>
		<![CDATA[
			<div style="width: 100px" class="DefaultFrame"><div class="ButtonBottom"><input type="submit" class="ButtonRight" border="0" name="Update" id="Update" value="Update"></div></div>
		]]>
	</ButtonUpdateDown>
	
	<ButtonUpdateSelected>
    <![CDATA[
			<div style="width: 160px" class="DefaultFrame"><div class="ButtonBottom"><input type="submit" class="ButtonRight" border="0" name="Update" id="Update" value="Update Selected"></div></div>
		]]>
	</ButtonUpdateSelected>
	
	<ButtonUpload>
		<![CDATA[
			<div style="width: 80px" class="DefaultFrame"><div class="ButtonTop"><input id="button_upload" type="submit" class="ButtonRight" border="0" name="Upload" value="Upload"></div></div>
		]]>
	</ButtonUpload>
	
	<ButtonUpsellYes>
    <![CDATA[
		  <div style="width: 100px" class="DefaultFrame"><div class="Button"><input id="ShoppingCartUpsellYes_{!ShoppingCartIndex}" type="submit" class="Button" border="0" name="ShoppingCartUpsellYes_{!ShoppingCartIndex}" value="Yes, please!"></div></div>
		]]>
	</ButtonUpsellYes>
	
	<ButtonUpsellNo>
		<![CDATA[
		  <div><input id="ShoppingCartUpsellNo_{!ShoppingCartIndex}" type="submit" class="ButtonUpsellNo" border="0" name="ShoppingCartUpsellNo_{!ShoppingCartIndex}" value="No, thanks" onclick="return upsellNoThanks(this);"></div></div>
		]]>
	</ButtonUpsellNo>
	

	<!-- Button Frames -->

  <ButtonLeft><![CDATA[
    <div class="FloatLeft"><!ButtonContent></div>
	]]></ButtonLeft>

	<ButtonRight><![CDATA[
    <div class="FloatRight"><!ButtonContent></div>
	]]></ButtonRight>
  
  <!-- Lodging Calendar Buttons -->
  <ButtonNextLodgingWeek>
    <![CDATA[
			<div style="width: 160px" class="FloatRight"><div class="Button"><input type="submit" class="Button" border="0" name="nextweek" value="+ One Week >>"></div></div>
		]]>
  </ButtonNextLodgingWeek>    
  <ButtonPreviousLodgingWeek>
    <![CDATA[
			<div style="width: 160px" class=""><div class="Button"><input type="submit" class="Button" border="0" name="previousweek" value="<< - One Week"></div></div>
		]]>
  </ButtonPreviousLodgingWeek>  
  
    <ButtonCalendar>
    <![CDATA[
  	 <td id="{!DateControlPrefix}calendar_button" class="ButtonCalendar" onMouseOver="changeButtonClass(this, true);" onmouseout="changeButtonClass(this, false);"><a id="{!DateControlPrefix}calendar_button_link" href="#" class="CalendarLink" title="Calendar"><img src="<!Constant ImagePath>Calendar.png"></a></td>
    ]]>
  </ButtonCalendar>

</WebPoint>