<?xml version="1.0" standalone="yes"?>
<Webpoint>
  <charset>iso-8859-1</charset>

  <Header>
   <![CDATA[Welcome to <!ConstantSiteName> Login]]>
  </Header>
 
  <HeaderAfterPasswordRecovery>
    <![CDATA[Password Recovery - Login]]>
  </HeaderAfterPasswordRecovery>

  <IntroductionAfterPasswordRecovery>
    <![CDATA[An e-mail has been sent to <b><!RecoverEmail></b>. When you receive this e-mail, please enter the details into the User name and Password fields below to log into the website.
            <br><br>If you do not receive a password within 5 minutes, please telephone <!ConstantClientTelephone> for assistance.]]>
  </IntroductionAfterPasswordRecovery>

  <ForgottenPassword>
    <![CDATA[<b>Forgotten password?</b> <a href="<!RecoverPasswordScript>" >Click here to recover your password.</a>]]></lang>
  </ForgottenPassword>

	<ForgottenPasswordUsernameAddDetails>
    <![CDATA[<b>Forgotten user name or password ?</b><br><a href="<!RecoverPasswordScript>" style="color:#FFC51E"; >Click here to recover your login details.</a>]]></lang>
  </ForgottenPasswordUsernameAddDetails>
 
	<LoginTitle>Log in as a Member</LoginTitle>
	<SignupTitle>Sign up</SignupTitle>

	<LoginIntroduction>
		<![CDATA[<p>If you are already a member of the site, please enter your username and your password below to gain access to the site.</p>]]>
  </LoginIntroduction>
  
  <SignupIntroduction>
		<![CDATA[<p>Becoming a Member is easy! Just fill out the form below and click on <span class="ButtonStyle">Sign up</span>.<br><br>
             If we can find your details in our database, you will be able to review them; otherwise we will create a brand new account for you.</p>]]>
  </SignupIntroduction>
  
  <WebcodeIntroduction>
		<![CDATA[<p>If you are not a member yet, you can enter your pass number below to sign up.</p>]]>
  </WebcodeIntroduction>

</Webpoint>