<?xml version="1.0" standalone="yes"?>
<WebPoint>
	<charset>iso-8859-1</charset>

	<Header>  
    <![CDATA[Welcome to <!ConstantSiteName> Store]]>
	</Header>

	<Introduction>
    <![CDATA[To show more products in the main area, click on a category on the left. To place a product in the cart, click <span class="ButtonStyle">Add to Cart</span>
		         next to the desired product.]]>
	</Introduction>

	<CartTitle>Cart Summary</CartTitle>
	<MenuTitle>Online Store</MenuTitle>

</WebPoint>
