<?xml version="1.0" standalone="yes"?>
<WebPoint>
	<charset>iso-8859-1</charset>
	
	<Header>
		<![CDATA[<!ConstantSaleTypeCapitalised> confirmation / Tax Invoice]]>
	</Header>
	
	<Introduction>
    <lang type="Public"><![CDATA[Thank you <!FirstName>, your <!ConstantClientCompany> <!ConstantSaleType> is now complete. <br>Please print this confirmation and present it to the ticket counter on arrival.]]></lang>
    <lang type="Agent">
      <![CDATA[Thank you <!Agent>, your <!ConstantClientCompany> <!ConstantSaleType> is now complete. <br>This confirmation is for your records.]]>
    </lang>
	</Introduction>
	
</WebPoint>
