<?xml version="1.0" standalone="yes"?>
<WebPoint>
	<charset>iso-8859-1</charset>

	<VerticalMetres>
		<![CDATA[<li><div id="pass-stat-vertical-meters"><span class="PassStatBigNumber"><!StatVerticalMeters></span>Loyalty Points</div></li>]]>
	</VerticalMetres>

	<Days>
		<![CDATA[<li><div id="pass-stat-days"><span class="PassStatBigNumber"><!StatDays></span>Days</div></li>]]>
	</Days>

	<Runs>
		<![CDATA[<li><div id="pass-stat-runs"><span class="PassStatBigNumber"><!StatRuns></span>Activities</div></li>]]>
	</Runs>
	
	<BestDay>
		<![CDATA[<li>
						   <div id="pass-stat-best-day"><span class="PassStatBigNumber"><!StatBestDay></span>Best day so far &ndash; <!StatBestDayMeters>m
							 <a id="pass-stat-show-me-link" href="<!StatBestDayShowURL>">Show Me</a></div>
						 </li>]]>
	</BestDay>

</Webpoint>
