<?xml version="1.0" standalone="yes"?>
<WebPoint>
	<charset>iso-8859-1</charset>

	<Header>  
    <![CDATA[<!ConstantClientCompany> online <!ConstantSaleTypePlural> ]]>
	</Header>

	<Introduction>
    <![CDATA[<span class="PrincipalLine">Click on different Categories and Attributes to select Products.</span>]]>
	</Introduction>
	
  <CategoryTitle>
    <![CDATA[Choose a category]]>
  </CategoryTitle>
  
  <AttributeTitle>
    <![CDATA[Choose an attribute]]>
  </AttributeTitle>

  <ProductTitle>
		<![CDATA[Choose a product]]>
	</ProductTitle>
	
	<UpdateAttributes><![CDATA[
	  <tr><td align="right"><input class="LinkLikeButton" type="submit" name="MultiListUpdate0" value="Update Attributes -&gt;"></td></tr>
	]]></UpdateAttributes>
	
	<UpdateProducts><![CDATA[
	  <tr><td align="right"><input class="LinkLikeButton" type="submit" name="MultiListUpdate1" value="Update Products -&gt;"></td></tr>
	]]></UpdateProducts>
	
	<SelectFromAboveContinueShopping>For additional products select from the menu above or click Continue Shopping.</SelectFromAboveContinueShopping>
  <SelectFromAbove>For additional products select from the menu above.</SelectFromAbove>
  
  <ViewLarger>
		Click to view a larger image
	</ViewLarger>

	<ViewAllImages>
		<![CDATA[Click to view all <!ProductImageCount> images]]>
	</ViewAllImages>

</WebPoint>
