<?xml version="1.0" standalone="yes"?>
<WebPoint>
	<charset>iso-8859-1</charset>
	
	<ButtonCaption><![CDATA[Add a <!ConstantAssociateDescriptionCapitalised>]]></ButtonCaption>
	<ButtonTooltip><![CDATA[Add a <!ConstantAssociateDescriptionCapitalised>]]></ButtonTooltip>

	<NoAssociates><![CDATA[<li>[No <!ConstantAssociateDescriptionPlural> added.]</li>]]></NoAssociates>
	<AssociatesAllowEdit><![CDATA[<li><a href="<!AssociatesLinkURL>" title="Edit Details"><!AssociatesName></a></li>]]></AssociatesAllowEdit>
	<AssociatesNoEdit><![CDATA[<li><span><!AssociatesName></span></li>]]></AssociatesNoEdit>
	
	<EditAssociates>
	  <![CDATA[<div id="associates-hint">To edit the details of your <!ConstantAssociateDescriptionPlural>, just click on their names above.</div>]]>
	</EditAssociates>
	
</Webpoint>