<?xml version="1.0" standalone="yes"?>
<WebPoint>
	<charset>iso-8859-1</charset>

	<Header><![CDATA[Add a <!ConstantAssociateDescriptionCapitalised> - Find record]]></Header>
	
	<Introduction>
	  <![CDATA[We might have the details of your <!ConstantAssociateDescription> already on file, for example when they have purchased at <!ConstantSiteName> before.<br><br>
		         Fill out the form below; all fields are required.<br>If we cannot find any matching records, we will create a new one.<br><br>]]>
	</Introduction>

	<Introduction-Expanded>
	  <![CDATA[We might have the details of your <!ConstantAssociateDescription> already on file, for example when they have purchased at <!ConstantSiteName> before.<br><br>
		         Fill out the form below to search for your <!ConstantAssociateDescription>; first name and last name are required, plus one more field.<br><br>]]>
	</Introduction-Expanded>

	<FindButtonCaption><![CDATA[Find <!ConstantAssociateDescriptionCapitalised>]]></FindButtonCaption>
	<FindButtonCaption-Again><![CDATA[Find Again]]></FindButtonCaption-Again>

</WebPoint>