<?xml version="1.0" standalone="yes"?>
<WebPoint>
	<charset>iso-8859-1</charset>

	<ShoppingCartItem><![CDATA[is 1 item]]></ShoppingCartItem>
	<ShoppingCartItemPlural><![CDATA[are <!ShoppingCartQty> items]]></ShoppingCartItemPlural>
	
	<ResumeButtonCaption>Resume Shopping</ResumeButtonCaption>
	<ResumeButtonTooltip>Resume your shopping session from where you left off</ResumeButtonTooltip>
	
  <StartButtonCaption>Start Shopping</StartButtonCaption>
	<StartButtonTooltip>Start a new shopping session</StartButtonTooltip>

</WebPoint>