<?xml version="1.0" standalone="yes"?>
<WebPoint>
	<charset>iso-8859-1</charset>

	<Header>  
    <![CDATA[<!ConstantClientCompany> Online <!ConstantSaleTypePlural> ]]>
	</Header>

	<Introduction>
    <![CDATA[<span class="PrincipalLine">Please choose from the following products by clicking the <span class="ButtonStyle">Add to Cart</span> buttons below.</span><br>]]>
	</Introduction>
	
	<Introduction-ShoppingCartOnly>
    <![CDATA[<span class="PrincipalLine">These are the items currently in your shopping cart.</span><br><br>]]>
	</Introduction-ShoppingCartOnly>

  <Introduction-ShoppingCartEmpty>
    <![CDATA[<span class="PrincipalLine">There are currently no items in your shopping cart.</span><br><br>]]>
	</Introduction-ShoppingCartEmpty>
	
	<Introduction-Continue>
	  <![CDATA[To add different products, click <span class="ButtonStyle">Continue Shopping</span>.<br>]]>
	</Introduction-Continue>
	
	<Introduction-Back>
	  <![CDATA[To change the time, click <span class="ButtonStyle">Back</span>.<br>]]>
	</Introduction-Back>
	
  <Introduction-ContinueBack>
   <![CDATA[To change the date/s, click <span class="ButtonStyle">Back</span>, to add different products, click <span class="ButtonStyle">Continue Shopping</span>.<br>]]>
	</Introduction-ContinueBack>
	
	<ProductsTitle-Scheduled>
		<![CDATA[<!Attribute>: <span style="font-weight: normal; white-space: nowrap;"><!StartDate>, <!StartTime></span>]]>
	</ProductsTitle-Scheduled>
	
	<ProductsTitle-Dated>
		<![CDATA[<!Attribute>: <span style="font-weight: normal; white-space: nowrap;"><!StartDate></span>]]>
	</ProductsTitle-Dated>
	
	<ProductsTitle><![CDATA[<!Attribute>]]></ProductsTitle>

	<SelectFromAboveContinueShopping>For additional products select from the menu above or click Continue Shopping.</SelectFromAboveContinueShopping>
	
	<ViewLarger>
		Click to view a larger image
	</ViewLarger>
	
	<ViewAllImages>
		<![CDATA[Click to view all <!ProductImageCount> images]]>
	</ViewAllImages>

	<ProductPrice><![CDATA[<div class="ProductPrice"><!ConstantCurrencySymbol><!ProductPrice></div>]]></ProductPrice>

</WebPoint>
