<?xml version="1.0" standalone="yes"?>
<WebPoint>
	<charset>iso-8859-1</charset>
	
	<!-- General constants -->
	<OnlinePayment>Online Secure Payment</OnlinePayment>
	
	<SectionProlog>
    <![CDATA[<colgroup><col width="40%"><col><col width="30%"></colgroup>]]>
	</SectionProlog>
	
	<CreditCardNotCharged>
		<![CDATA[The payment has <em>not</em> been charged.<br>]]>
	</CreditCardNotCharged>

	<!-- Credit Card payment option -->
  <PaymentOptionCreditCard>Pay by Credit Card</PaymentOptionCreditCard>
	<CreditCardPayment>Credit Card details</CreditCardPayment>
	<CreditCardPaymentDPS>Forward to Payment</CreditCardPaymentDPS>
	<PaymentOptionSurchargeCreditCard></PaymentOptionSurchargeCreditCard>

	<WarningPaymentOptionSurchargeCreditCard></WarningPaymentOptionSurchargeCreditCard>
	<WarningCCSurchargeMC><![CDATA[MasterCards incur a processing fee of {!SurchargeDisplayValue}.]]></WarningCCSurchargeMC>
	
  <Header-CreditCard>Credit Card Payment</Header-CreditCard>
  <Introduction-CreditCard>
    <![CDATA[<span class="PrincipalLine">Complete the following section then click on the <span class="ButtonStyle">'Next'</span> button and your credit card will be charged the amount shown below.</span>
             <br><br>Processing takes approximately 10-15 seconds. <strong>Please be patient.</strong>]]>
	</Introduction-CreditCard>
	<Introduction-DPS>
		<![CDATA[<span class="PrincipalLine">Click the button <span class="ButtonStyle">Click here to pay</span> to proceed to our secure check out. On the following page, complete the form about your credit card details.</span>
            <br><br>Processing takes approximately 10-15 seconds. <strong>Please be patient.</strong>]]>
	</Introduction-DPS>
	
	<DateControlMonths>
    <![CDATA[<td id="<!DateControlName>Month" style="padding-right: 5px;">
               <select id="<!DateControlName>MonthList" size="1" name="<!DateControlName>Month"><!ComponentCode></select>
             </td>]]>
	</DateControlMonths>

	<DateControlYears>
		<![CDATA[<td id="<!DateControlName>Year" style="padding-right: 5px;" >
               <select id="<!DateControlName>YearList" size="1" name="<!DateControlName>year"><!ComponentCode></select>
             </td>]]>
	</DateControlYears>

	<DateControlListItem><![CDATA[
    <option value="{!ListValue}"{!ListSelected}>{!ListText}</option>
	]]></DateControlListItem>

	<DateControlFrame>
    <![CDATA[<table id="<!DateControlName>" border="0" cellpadding="0" cellspacing="0"><tr><!ComponentCode></tr></table>]]>
	</DateControlFrame>
	
	<!-- Account payment option -->
	<OnAccountPayment>Payment on Account</OnAccountPayment>
	<PaymentOptionOnAccount>Payment on Account</PaymentOptionOnAccount>
	<PaymentOptionSurchargeOnAccount></PaymentOptionSurchargeOnAccount>
	<WarningPaymentOptionSurchargeOnAccount></WarningPaymentOptionSurchargeOnAccount>
	
	<!-- BPay payment option -->
	<BPayment>Using BPay</BPayment>
	<PaymentOptionBPay>Pay using BPay</PaymentOptionBPay>
	<PaymentOptionSurchargeBPay>BPay surcharge</PaymentOptionSurchargeBPay>
	<WarningPaymentOptionSurchargeBPay><![CDATA[Using the BPay payment option will attract a surcharge of {!SurchargeDisplayValue}.]]></WarningPaymentOptionSurchargeBPay>
	<BookingCompleteNoteBPay><![CDATA[
    <b>Note: </b><!ConstantSaleTypePluralCapitalised> are not deemed to be complete or accepted by <!ConstantClientCompany> until payment has been received and confirmed.
  ]]></BookingCompleteNoteBPay>

</WebPoint>
