<?xml version="1.0" standalone="yes"?>
<WebPoint>
	<charset>iso-8859-1</charset>
	
	<Header>Payment</Header>
	<Introduction>
    <![CDATA[
      <span class="PrincipalLine">Please choose from the available payment options, and complete the required details below.</span><br><br>
      Credit Card payment processing takes approximately 10-15 seconds. <strong>Please be patient.</strong>
    ]]>
	</Introduction>
	
  <Totals>Total</Totals>
	<PaymentOptions>Payment Options</PaymentOptions>

	<BookingCompleteNote><![CDATA[
    <b>Note: </b><!ConstantSaleTypePluralCapitalised> are not deemed to be complete or accepted by <!ConstantClientCompany> until payment has been received and a receipt number has been issued.
		Your receipt number will be shown on the following page.
  ]]></BookingCompleteNote>

	<NoPaymentOptionsTitle>No Payment Options available</NoPaymentOptionsTitle>
	<NoPaymentOptions>
		<![CDATA[<strong>No payment options are available at this time. The transaction cannot be completed.</strong><br>
						 This can be due to a misconfiguration of the website, or a problem with the account setup of the current user.<br>
						 User-defined payment options may cause other problems with their setup.]]>
	</NoPaymentOptions>

</WebPoint>
