<?xml version="1.0" standalone="yes"?>
<WebPoint>
	<charset>iso-8859-1</charset>

	<Header>
    <![CDATA[Edit Your Shopping Cart]]>
	</Header>

	<Introduction>
		<![CDATA[<span class="PrincipalLine">These are the items currently in your shopping cart.</span><br>
		         <ul>
						   <li>Remove items from the cart by selecting them first and clicking the <span class="ButtonStyle">Delete</span> button.</li>
							 <li>Assign items to yourself and <!ConstantAssociateDescriptionPlural> by selecting them in the lists for each item.</li>
						 </ul><br>
						 <div class="GBoxDecoration2 GStandardPadding GFloatLeft">
							 <table border="0" cellpadding="0" cellspacing="0">
								 <tr>
									 <td class="GSmallPadding">Quickly add <!ConstantAssociateDescriptionPlural> to your lists:</td>
									 <td class="GSmallPadding"><a href="<!IntroductionAddAssociateLink>">Add a <!ConstantAssociateDescription></a></td>
								 </tr>
								 <tr>
									 <td class="GSmallPadding">Manage your list of family members on your profile page:</td>
									 <td class="GSmallPadding"><a href="<!IntroductionProfileLink>">Go to your profile</a></td>
								</tr>
							 </table>
						</div>]]>
		<lang type="Agent">
			<![CDATA[<span class="PrincipalLine">These are the items currently in your shopping cart.</span><br>
			         <ul>
							   <li>Remove items from the cart by selecting them first and clicking the <span class="ButtonStyle">Delete</span> button.</li>
								 <li>Assign items to guests by selecting them from the lists displayed for each item.</li>
							 </ul><br>
							 <div class="GBoxDecoration2 GStandardPadding GFloatLeft">
								 <table border="0" cellpadding="0" cellspacing="0">
									 <tr>
										 <td class="GSmallPadding">Add a <!ConstantGuestDescription> to your lists, by finding a <!ConstantGuestDescription> in the database, or creating a new <!ConstantGuestDescription>:</td>
										 <td class="GSmallPadding"><a href="<!IntroductionAddGuestLink>">Add a <!ConstantGuestDescriptionCapitalised></a></td>
									 </tr>
								 </table>
							</div>]]>
		</lang>
	</Introduction>

	<Introduction-NotLoggedIn>
    <![CDATA[<span class="PrincipalLine">These are the items currently in your shopping cart.</span><br>
		         Remove items from the cart by selecting them first and clicking the <span class="ButtonStyle">Delete</span> button.<br><br>
						 <div class="GBoxDecoration2 GStandardPadding GFloatLeft">
				       <div class="GFloatContainer">
							   <div class="GFloatLeft" style="margin-right: 15px;">You'll need to assign yourself or <!ConstantAssociateDescriptionPlural> to the items in the cart.<br>Before you can do that, please log in or sign up by using the<br><span class="ButtonStyle">log in/sign up</span> button on the right.</div>
								 <div class="GFloatLeft"><!ButtonLinkLogin></div>
							</div>
						</div>]]>
	</Introduction-NotLoggedIn>

	<Introduction-NoNeedToLogin>
    <![CDATA[<span class="PrincipalLine">These are the items currently in your shopping cart.</span><br>
		         Remove items from the cart by selecting them first and clicking the <span class="ButtonStyle">Delete</span> button.]]>
	</Introduction-NoNeedToLogin>

</WebPoint>