<?xml version="1.0" standalone="yes"?>
<WebPoint>
	<charset>iso-8859-1</charset>

  <DateControlDays>
		<![CDATA[
      <td id="<!DateControlName>Day" style="width: 28%; padding-right: 2px;">
        <select id="<!DateControlName>DayList" size="1" name="<!DateControlName>Day" style="width: 100%;">
         <!ComponentCode>
        </select>
      </td>]]>
	</DateControlDays>
	
	<DateControlMonths>
    <![CDATA[
      <td id="<!DateControlName>Month" style="width: 40%; padding-right: 2px;">
				<select id="<!DateControlName>MonthList" size="1" name="<!DateControlName>Month" style="width: 100%;">
          <!ComponentCode>
        </select>
      </td>]]>
	</DateControlMonths>

	<DateControlYears>
		<![CDATA[
      <td id="<!DateControlName>Year" style="width: 28%; padding-right: 2px;" >
				<select id="<!DateControlName>YearList" size="1" name="<!DateControlName>year" style="width: 100%;">
          <!ComponentCode>
        </select>
      </td>]]>
	</DateControlYears>
	
	<DateControlListItem><![CDATA[
    <option value="{!ListValue}"{!ListSelected}>{!ListText}</option>
	]]></DateControlListItem>

	<DateControlFrame>
    <![CDATA[<table id="<!DateControlName>" style="width: 100%;" border="0" cellpadding="0" cellspacing="0"><tr><!ComponentCode></tr></table>
             <script type="text/javascript">
               // Try to subscribe to a DateSequenceChange event if one is there
               // to respond by rearranging the control components
               var <!DateControlName>Sequence = "<!DateControlSequence>";
							 try {
							   addEventHandler(null, "DateSequenceChange", DateSequenceChanged, null, "<!DateControlName>");
							 } catch(e) {}
             </script>
    ]]>
	</DateControlFrame>
	
</WebPoint>