<?xml version="1.0" standalone="yes"?>
<WebPoint>
	<charset>iso-8859-1</charset>

	<Header><![CDATA[<!ConstantSiteName> Calendar]]></Header>
	<Header-Manifest>Change Reservation</Header-Manifest>
	
	<Introduction>
    <lang type="public"><![CDATA[
The calendar shows all possible dates and flight times over a period of 14 days.
To choose a day and a time, click on any of the boxes below, showing e. g. <span  style="outline: 2px solid #323234; font-weight: bold; background: #ffffff; color: #323234;">&nbsp;&nbsp;100&nbsp;&nbsp;</span>. No availability will show <span style="font-style: italic;color: #3d3d3d; background: #eeeeee; ">&nbsp;&nbsp; NA&nbsp;&nbsp;</span>. Full capacity will show <strong>'Sold'</strong> .
To select a date in the future, use the browse buttons or the calendar.]]></lang>
	</Introduction>
	<Introduction-Manifest>
		<![CDATA[<span class="PrincipalLine">Changing Reservation for <!ChartMinimumAvailability> place(s).</span><br>
		         Showing <!ChartDaystoShow> days of available events for reservation. The current event reserved is marked as <span class="MarkedEvent DemoBox" style="display: inline-block;"></span>.]]>
	</Introduction-Manifest>

	<AllDayString><![CDATA[&nbsp;All&nbsp;Day&nbsp;]]></AllDayString>
	
	<ChartTitle><![CDATA[{!ResourceEventTypeNames}]]></ChartTitle>


</WebPoint>
